regime_label,prob_r0,prob_r1,prob_r2
0,1.0,2.9889651045780413e-106,1.5295401753925994e-85
2,0.001969975857619189,8.37781126318321e-05,0.9979462460294174
2,4.159327103672856e-12,0.019618780592679467,0.9803812194034807
0,0.9843677251784912,9.277233165653035e-05,0.01553950249030348
2,0.1757422458179905,0.00024156202154706092,0.8240161921600397
0,0.970199722335307,5.6709136189377086e-05,0.029743568528773173
2,0.3414610148770802,2.5302578779160516e-05,0.6585136825441014
2,1.2293337057793969e-05,4.599743737445406e-05,0.9999417092258598
1,6.743942673773417e-31,1.0,7.233054419389454e-64
2,0.00039641740548525354,0.0006119836230028533,0.998991598971539
2,7.053089614692965e-08,0.0008819363829028547,0.9991179930862816
0,0.6298561523038613,0.37014384769599534,3.5808095577113615e-14
1,9.871454795716518e-42,1.0,1.9655078283374267e-18
2,2.1650517880137203e-08,0.00305381370769163,0.9969461646418313
0,0.9997173774411766,7.42563888339532e-05,0.0002083661702700526
0,0.8746401178287008,0.0013961833188909378,0.1239636988522573
0,0.9980843291044944,9.79144544381519e-05,0.001817756441081388
2,5.637910178321784e-13,0.028163199591508755,0.9718368004082336
0,0.9915031135989784,4.0290042138394433e-05,0.008456596358964206
0,0.9999149836792062,8.480835281626e-05,2.0796784301477883e-07
2,4.252335911993062e-08,1.9586127663593162e-05,0.9999803713488425
0,0.9841817572207053,0.01581824277877008,2.1692593443065944e-13
0,0.5628056585286139,0.0001695487218447566,0.4370247927495677
2,3.7341815962681955e-06,1.3032533241820322e-05,0.9999832332855936
2,0.007902348169336647,7.420630531068169e-06,0.992090231200266
2,4.3325276022292356e-07,2.4926503685774764e-06,0.9999970740970697
2,2.399694798794264e-06,4.1034402512384995e-05,0.9999565659028629
2,0.0007823872980866844,2.1321339431419897e-06,0.9992154805683522
0,0.9999863624009293,1.1959579898284897e-05,1.6780194989922098e-06
2,2.59299101414107e-07,8.809280326626214e-06,0.9999909314203357
0,0.8473797900185174,1.3354227469682828e-05,0.15260685575423566
2,0.3159015130569845,3.0430724556728914e-05,0.6840680562180848
2,2.710803443422226e-07,2.569043643488462e-06,0.9999971598758152
2,0.23403804300319436,8.850936876834921e-06,0.765953106059486
2,6.967697052419347e-12,0.0025478019148927906,0.9974521980784683
0,0.9938353822292056,4.9142429831068795e-06,0.006159703527723109
2,1.6258280564350417e-06,2.20253063276739e-06,0.9999961716412666
0,0.9999937285452893,6.269570135944876e-06,1.884122442815232e-09
2,6.82121834809704e-07,1.3922779419197072e-06,0.9999979256002605
0,0.988760698072452,2.2045299720059476e-06,0.011237097397823418
2,0.000606156525663952,2.0171673322210654e-06,0.9993918263067338
2,8.547877301583478e-08,2.404834715250112e-06,0.9999975096865541
0,0.9999940493039207,1.5072793199341467e-06,4.443416976201e-06
2,2.7992879920388488e-08,5.555376949056535e-06,0.9999944166303414
2,0.28456684447557873,7.343171250850572e-06,0.7154258123533201
0,0.9999828730235673,3.3489943806883947e-06,1.3777981958085872e-05
0,0.9999012463383485,9.871131960437843e-05,4.234224066867787e-08
0,0.6872370690543146,6.299719678675934e-05,0.31269993374886074
2,0.029092891239410085,7.648887424852429e-05,0.9708306198859163
2,0.27921329832877934,2.8347051165239263e-05,0.7207583546197297
2,0.0003568057504007215,1.3907217289355156e-06,0.9996418035280932
0,0.9999883038728574,9.046268564323725e-07,1.0791500431807659e-05
2,4.594181730660958e-06,2.1937998611248165e-06,0.9999932120184267
0,0.999324459245173,5.547431725757203e-06,0.000669993322877112
2,5.527596935231659e-13,0.012468404676879373,0.9875315953229074
2,0.002890662535673128,6.644984464340178e-06,0.9971026924798809
0,0.8096925414022546,5.011281555791421e-05,0.19025734578188713
0,0.997608920742276,1.684142168988365e-05,0.0023742378359971534
2,4.696462375139537e-06,1.986661723371223e-05,0.9999754369207019
0,0.9865135280972567,2.454051991032491e-05,0.013461931382801301
0,0.9996926934610187,2.9930829421879277e-06,0.0003043134556329247
2,0.0005372289133495006,5.615988107898861e-06,0.9994571550987692
2,1.0962929073662109e-07,1.749461827401776e-05,0.9999823957526829
0,0.9999940148997604,1.1952264056683342e-06,4.789873670699791e-06
2,4.364508021390234e-07,2.1284138249694847e-06,0.9999974351354618
2,0.44485734642916264,6.5829994825471925e-06,0.5551360705716627
2,0.024012551675483596,4.960840777202932e-06,0.9759824874835723
2,3.0850328051509425e-06,1.7931390116215403e-06,0.999995121827926
2,1.2024738429020186e-06,1.9302943449719913e-06,0.9999968672322169
2,1.3250937347403782e-07,4.160449814751484e-06,0.9999957070405178
0,0.6193967454184657,3.7473052085014977e-05,0.38056578152981757
0,0.999991932685388,8.035564827191334e-06,3.1749924889819406e-08
2,2.538535884513124e-11,7.979265852283215e-05,0.9999202073162553
0,0.9999985122260268,9.514010899435295e-07,5.363724306350559e-07
2,5.9180903768867476e-05,2.2622575807218857e-06,0.9999385568385671
2,0.06847435617593267,4.814939427829684e-06,0.931520828885033
0,0.591795476626291,1.3601519651832862e-05,0.40819092185423855
0,0.9991038124085831,3.2682075355387157e-06,0.000892919383896377
2,0.00018253180504556224,6.4276329839558496e-06,0.9998110405621194
2,0.019806232294213754,5.574430805950398e-06,0.9801881932745535
2,2.1106043264223646e-05,2.4849057506657035e-06,0.9999764090507252
2,3.9820631628642425e-09,2.1073486786700216e-05,0.9999789225314433
0,0.9999624195510789,1.4350583149114092e-06,3.6145390843743844e-05
2,0.0031393745858111824,3.519542826993018e-06,0.996857105871501
0,0.9070987365661382,1.1862590723629586e-05,0.092889400842935
2,1.598368235016629e-05,2.868580084333082e-06,0.9999811477376989
0,0.9999969590526996,7.357605917666978e-07,2.3051864000506722e-06
2,0.001511015648163035,2.2499200698825254e-06,0.9984867344322049
2,1.0837230100741486e-06,5.911903420262127e-05,0.9999397972429501
1,9.531774832291925e-17,1.0,3.627181319212052e-42
1,1.9745672146410953e-15,0.9900227357735388,0.009977264226693958
1,6.045508525653572e-06,0.9999939544914856,1.3268383653502242e-23
1,0.0003194038405563739,0.9311058857337168,0.06857471042577055
1,1.901322280794722e-09,0.607001605486462,0.39299839261226227
1,1.5071628905724112e-25,1.0,4.520678345203746e-55
2,0.33574174402157553,0.00792111244245321,0.6563371435355471
2,2.4359568682689993e-07,7.515971027485341e-05,0.9999245966936369
2,0.27536944606178976,0.01917484643759473,0.7054557075002519
1,5.0217890728798734e-157,1.0,1.6964837017652758e-114
1,2.4455195242601635e-13,0.9999901324995596,9.867500370508786e-06
1,3.9310957731041e-12,0.9999883974287591,1.1602567024266428e-05
1,1.3760155426989941e-06,0.9999986239845756,7.817888461007462e-19
1,3.3154965023949343e-31,0.9999999999918145,8.370153018985506e-12
0,0.9492809944241823,0.007021319492147758,0.043697686083440095
2,1.1856726573384445e-07,5.5231319617241046e-05,0.9999446501126836
0,0.9976064580437642,0.00042021955367235996,0.0019733224026486267
0,0.9976820587633154,0.00010942914832346107,0.002208512088516234
2,5.644722382607856e-06,9.383568397462943e-06,0.9999849717088758
2,0.2360590135880067,4.984919757103562e-05,0.7638911372140585
2,1.8243292944899482e-06,7.080046555595824e-06,0.9999910956244905
0,0.9999147160022398,8.526144503578808e-05,2.2552691982937806e-08
1,2.1045388274756237e-117,1.0,4.417623064218371e-174
1,0.0006443621092242654,0.9993555462834179,9.160742933648294e-08
1,7.349649868851853e-11,0.9999886355808498,1.136434573854468e-05
1,0.02081632685834293,0.9791836711316665,2.0102788243946074e-09
2,2.643957924232696e-10,0.020341357836700814,0.979658641898673
0,0.9700132295807313,0.00027295821953116724,0.02971381219939199
2,3.473235200222982e-07,5.3657270428124756e-05,0.9999459954064318
0,0.751785698694886,0.0005548837732594543,0.24765941753213586
2,1.2663041226358753e-12,0.05399515576819981,0.9460048442302945
2,0.0035987106589619035,0.000898052576897792,0.9955032367639182
0,0.998941133564266,0.00011365674264428083,0.0009452096928619738
2,1.82742578356213e-05,7.435820442970917e-05,0.9999073675377269
2,0.04965386852504832,6.345309930068195e-06,0.950339786165025
0,0.9992080235194577,1.2871670167682114e-06,0.0007906893134879738
2,1.2868513131925448e-06,2.058798022638097e-06,0.9999966543502102
2,0.005523599381141395,1.8219805902422758e-06,0.9944745786383193
0,0.9999972690185134,1.775694443870825e-06,9.552869334127879e-07
2,3.7141865910765366e-09,0.00036358981904209694,0.9996364064668175
0,0.9998515094230372,1.2858878619059453e-06,0.000147204688777397
2,7.024234526641249e-07,3.378023354939459e-06,0.9999959195530695
2,0.0019025421924525584,1.7332066467702203e-06,0.998095724601291
0,0.9998981280975293,5.429110763099558e-05,4.758079491296758e-05
1,1.4321071303200046e-15,0.780464340520514,0.21953565947912831
2,0.0009373923996923427,7.803295883636716e-05,0.9989845746413308
0,0.7969928788873842,1.8157802776389684e-05,0.20298896330942998
0,0.9945463009976437,8.623025435069827e-05,0.005367468748334882
0,0.9999028094064999,7.757398280706969e-05,1.9616610686611885e-05
2,0.06431295591053555,1.0852955073394288e-05,0.9356761911343634
0,0.49970994918342654,7.96960200805129e-06,0.5002820812141608
2,2.1207778286631497e-10,3.0237621451267053e-05,0.9999697621666805
0,0.9999422515606434,1.1031001864783986e-06,5.664533920445979e-05
2,1.118463180400647e-08,1.140804097484762e-05,0.999988580774414
2,0.000160281328025742,1.5650100228685294e-06,0.9998381536615745
2,0.04928440033461329,3.5313882521740817e-06,0.9507120682768487
0,0.9999479093274024,5.183064403598846e-05,2.600284341398001e-07
1,5.236127159398311e-47,1.0,6.567620826513728e-22
0,0.9973273855438402,0.0004435114158582857,0.0022291030398580622
2,0.004724247035991238,3.617165520891831e-05,0.9952395813091776
2,3.428600596943275e-10,0.06123628446720494,0.9387637151902444
1,1.975680297644373e-33,1.0,6.146333638468065e-66
1,1.26179464823039e-06,0.9999987382051361,4.3028045066460545e-22
1,0.0005387709103449005,0.9994612290895128,4.697493788508188e-16
1,1.2197724810615206e-146,1.0,6.972771471880791e-106
1,1.4353546777289977e-99,1.0,6.610097384736227e-149
1,3.515772512672754e-14,1.0,2.3626110282173758e-32
1,8.049975984829372e-12,0.9999999999918145,1.207048583715104e-27
1,3.1098872796768522e-30,1.0,1.4743756459911763e-18
1,2.3780330624291043e-18,0.9999966600136148,3.3399868334764092e-06
1,3.1456888817722305e-33,1.0,5.187785332948666e-62
1,1.1393161544497635e-14,1.0,3.226619591355526e-32
1,4.278002529243076e-08,0.9999999572200986,4.860664770344526e-20
1,9.064600228600436e-25,1.0,3.9891680694358257e-13
1,0.0,1.0,0.0
1,1.642958662006153e-32,1.0,1.99308218464157e-33
1,1.0141966928918976e-41,1.0,4.901597220394992e-31
1,4.911342364690487e-27,1.0,1.4094724108172079e-30
1,5.383167682763946e-25,0.9999999998244675,1.7528538570829663e-10
1,5.009369230038534e-19,0.9999998709790899,1.290204843321862e-07
1,1.528574761976871e-09,0.9999999984711394,3.0008499063200134e-15
1,6.269476644683655e-14,0.9999979528559415,2.0471436094184385e-06
1,6.623745407469047e-10,0.99999869061043,1.3087267979787717e-06
1,1.941465987955793e-12,0.9999741018379934,2.5898160387692865e-05
1,8.121967732388866e-13,0.9999717944750658,2.8205523968698726e-05
1,1.7271148334420503e-11,0.9998428817878144,0.00015711819518088692
1,0.09140092841107621,0.9085990715886861,1.179879648188468e-15
1,9.945715686218246e-38,1.0,8.414686180972046e-16
2,0.06446332643800792,0.0002598518207097521,0.9352768217414941
2,8.118461487241781e-08,0.000267879098436293,0.999732039716957
1,2.7226826553043765e-07,0.9999997277318842,6.540081988783857e-26
1,2.5370304888985527e-20,0.9999793744335667,2.062556672735116e-05
1,2.759295178499798e-46,1.0,5.209563726007729e-62
0,0.7507475538407063,0.0006523337683284921,0.2486001123909036
2,4.155450015959546e-07,7.047993913368723e-05,0.9999291045162831
0,0.9999098777401714,8.840358741815398e-05,1.7186719843674723e-06
2,2.8507016455761715e-11,0.1765565763479709,0.8234434236236032
1,2.041414702626632e-54,1.0,2.0798102471352631e-60
0,0.9962784992108206,0.00370918847818775,1.2312310917921112e-05
1,3.6892072657999643e-54,1.0,6.507329131335221e-61
1,2.858906661173752e-70,1.0,3.5884924519882514e-94
1,2.5206149571004835e-18,0.999148311257145,0.000851688742939117
0,0.9975536721704856,0.0024460824144499206,2.4541545635795974e-07
0,0.9887421114593195,0.0007231758120308057,0.010534712728947097
2,0.02296217215139324,0.0007544129182159733,0.9762834149306375
1,3.406948156371771e-08,0.999999965930329,1.5558827122684891e-27
0,0.9660092251250404,0.033141099152538725,0.0008496757225042969
2,5.936318801862663e-09,0.0014494234184728562,0.9985505706456305
2,0.003735674857261287,0.0013763017809592449,0.9948880233619926
1,0.0,1.0,0.0
1,6.945452421372453e-25,1.0,5.221662320955618e-25
1,4.6767906905253605e-29,1.0,4.488628548330705e-33
1,1.0842249151182807e-28,1.0,2.0069978448953188e-32
1,2.0225402311938814e-16,0.9999999986703187,1.329403551391383e-09
1,3.2512201449405364e-235,1.0,7.200907911004965e-184
1,8.825471395097632e-34,1.0,1.493683956964504e-19
1,1.3417310504110014e-27,1.0,3.085110664678466e-19
1,2.192057854245402e-25,1.0,3.091043710549539e-38
1,4.825334382305339e-32,1.0,6.88283340195297e-15
1,9.52546562135013e-15,0.9999999995088729,4.913000636719261e-10
1,1.39439376449735e-13,0.9999999706487874,2.9351519367678916e-08
2,0.05961162622326994,0.020329726387118982,0.9200586473892486
2,0.007678072079339418,0.0003170806994268751,0.9920048472212336
0,0.9991633892382158,0.0008366047709547012,5.990566856910444e-09
2,0.00029482616579304654,0.00017264094415646652,0.9995325328901492
2,7.742298108034375e-06,7.885764682453547e-05,0.9999134000546833
2,0.0002488530564177944,8.866906568006203e-05,0.9996624778777266
1,5.2291446861155573e-247,1.0,0.0
1,8.152397088288733e-10,0.9999999991850927,2.373853562982639e-18
1,2.4794831908118755e-23,0.9999999999990905,6.685098322544781e-13
1,9.100586264687974e-09,0.999999990895958,3.8927622327266575e-12
1,2.394079081068171e-07,0.9847008222531745,0.01529893833895894
1,1.3739497846123107e-17,0.9996692513346946,0.0003307486651788692
1,4.569504848261976e-06,0.6867565967323246,0.31323883376310774
1,6.306642171526678e-11,0.9999999999372449,2.7200942026795676e-29
1,8.72781703625469e-41,1.0,7.502087773551052e-19
1,0.013987737449662923,0.9569055134163407,0.0291067491338846
1,0.1389872612448646,0.8574148936745913,0.003597845080873822
1,3.10061720445357e-05,0.6382391579059258,0.3617298359220899
1,2.3847776958059282e-14,0.677273897507673,0.32272610249236755
1,0.4478559725330559,0.5521440274660455,1.3139034671361919e-12
1,2.255072907031288e-26,0.9999999815481717,1.8452085522316924e-08
1,1.2642619824471414e-12,0.9315953056158185,0.06840469438323041
1,0.0027294996525840482,0.9972705003470761,4.2694591666156356e-18
1,7.407836141219059e-51,1.0,3.491426687024476e-26
2,0.08522609863602688,0.010615075528882736,0.9041588258347852
0,0.8040186980292707,8.32202289759419e-05,0.19589808174194437
0,0.7639406196964532,0.004305480428129849,0.23175389987575754
1,0.0013806924164100364,0.9986193075833458,2.6442427246549187e-20
2,6.573547103987027e-09,0.007868030503925942,0.9921319629228192
2,2.1448993636670477e-10,0.0003063432749945251,0.999693656510414
0,0.9998134849685857,1.936655255179293e-05,0.00016714847856176242
2,5.734860334405335e-08,4.05795076193884e-05,0.9999593631435947
2,2.0455088880766506e-05,6.202522580445684e-05,0.9999175196855464
2,0.00014893845787998693,1.5230856018571441e-05,0.9998358306860615
0,0.5311776549333376,2.3041887939982147e-05,0.4687993031789178
2,0.019549218951628283,8.505283395829994e-06,0.980442275765198
0,0.9999967333204646,2.0507099815723933e-06,1.2159691390156337e-06
2,0.000484754606193335,3.869512573469889e-06,0.9995113758813323
0,0.9999787968992296,2.120296279179229e-05,1.3766089550062878e-10
2,3.674073287255581e-05,9.888273772004389e-05,0.9998643765293055
1,4.898400320901038e-24,0.9999982294691321,1.7705309697222648e-06
2,0.00301205860165938,9.725672979703505e-05,0.9968906846681903
0,0.9999859246435483,1.2558604137259502e-05,1.5167524345635586e-06
0,0.9922715451282672,0.00015372982011958936,0.007574725051508344
1,2.4805488872744136e-17,0.9658383910277251,0.034161608972536985
2,0.05424072778570281,0.00017761126403777335,0.9455816609505767
2,0.04648350401367994,6.590185382077359e-06,0.9535099058008237
0,0.943354261987158,9.039708867367155e-06,0.056636698303542524
2,0.003131342660240679,3.0929432375020607e-06,0.9968655643966317
2,0.017225856897159886,2.6732643009247723e-06,0.9827714698389147
2,2.7872342318899584e-06,1.148879683117684e-06,0.9999960638856622
0,0.9987498691698464,1.470482271847333e-06,0.001248660347696375
2,0.0019622520536038213,2.251377790567316e-06,0.9980354965682116
2,0.0004257755028051715,1.7027242137668633e-06,0.9995725217729307
2,6.397377248224039e-06,2.218139069904331e-06,0.9999913844838438
2,0.0070570623360586724,2.554480068155148e-06,0.9929403831841171
2,5.0274757740714704e-05,1.4486183718745704e-06,0.9999482766241423
0,0.9997349724794231,3.718991887249365e-05,0.00022783760202516208
1,5.127712904146717e-18,1.0,3.7701742132104597e-44
2,1.5977867756462945e-07,0.003787601359534428,0.9962122388619115
0,0.7386744034952103,0.00017454920381260338,0.2611510473006794
0,0.9960864362715998,0.00391356344439129,2.840780221257989e-10
2,4.741183811997707e-15,0.45861686298822896,0.5413831370120219
0,0.42088928923070323,0.0001653388066879787,0.5789453719625819
2,0.20524053410831405,1.0567558094367678e-05,0.7947488983340457
2,0.047393019083382865,1.369495286822709e-05,0.9525932859633397
2,4.250454337797015e-09,4.960725906800062e-05,0.9999503884902513
2,0.025850230574485374,8.666709163529552e-06,0.9741411027164091
2,0.02687887589481423,7.28894613751027e-06,0.9731138351587793
0,0.9985503102996287,4.2092130444356635e-06,0.0014454804873672011
2,8.298064535493948e-07,7.555790589482209e-06,0.9999916144030595
0,0.9087737396021794,0.09122626039755333,1.3563490866251826e-14
0,0.993899794862083,0.006100205124820164,1.2922448960257535e-11
2,5.35053506313435e-06,3.335648968190188e-05,0.9999612929756804
2,8.462314575579196e-09,5.088059054133957e-05,0.999949110947226
0,0.9999957390800601,1.4864254945908711e-06,2.774494029779653e-06
2,2.4222779946987673e-07,2.523743356324655e-06,0.9999972340285294
0,0.6649135272506594,1.145033551922386e-05,0.3350750224134231
0,0.9999675393394566,1.1489209187984083e-05,2.097145160184515e-05
2,0.00017907674692023385,7.886092341868734e-06,0.9998130371606447
2,0.15681263608177862,5.17903207767502e-06,0.8431821848857595
2,0.00017019008040690422,1.0362324251349386e-06,0.9998287736869576
0,0.999996809152069,3.1845942310004446e-06,6.253457412151576e-09
2,1.8245096306547517e-10,5.827472613494741e-05,0.9999417250910702
0,0.9945006441552081,4.642563781348748e-06,0.005494713281134151
0,0.8803907736794773,1.0182588292699872e-05,0.11959904373224504
2,0.006106650881199799,4.082578217928347e-06,0.9938892665406396
2,2.4318430072262654e-10,2.8455015923120838e-05,0.9999715447412625
0,0.9999655860866372,1.2641365345084121e-06,3.31497767980443e-05
2,0.12901154482578434,1.9748792633974184e-05,0.8709687063812721
2,0.009558131341384354,2.8878161661613357e-06,0.990438980842676
0,0.9993004855744105,3.251417859594005e-05,0.0006670002467331759
1,9.994599313701012e-44,1.0,4.8565120798137167e-20
2,1.277225750092106e-07,0.0007286233733151612,0.9992712489040326
0,0.939574070972678,5.155649072902939e-05,0.06037437253694221
2,0.0009794002365127342,3.876501247892816e-05,0.9989818347505758
0,0.9992112129628292,1.9436272324482475e-05,0.0007693507648556578
1,7.622007437920907e-12,0.7240993292929676,0.2759006706990648
2,5.188136552502316e-09,0.00041513990050651226,0.9995848549116463
0,0.6948651541104682,1.2309051946728749e-05,0.30512253683758084
2,0.00044396890489750755,2.2251717936424626e-05,0.9995337793770844
0,0.9998961167086524,0.00010381672830658343,6.656303135596412e-08
1,1.6012040684425173e-14,0.6937497354217542,0.30625026457853866
0,0.9994518285098913,9.053415215271554e-05,0.00045763733777985367
0,0.7395871558808121,1.1094762635393766e-05,0.26040174935615445
2,0.00022969161385938687,4.1589819016126e-06,0.9997661494041402
0,0.9122212810932402,3.238732193367555e-05,0.08774633158458152
0,0.9996697626418287,3.2748392178287995e-06,0.00032696251935136587
2,2.5327741406743923e-06,1.9926812714618357e-06,0.9999954745446838
2,0.002195158205137608,1.3180118233638357e-06,0.9978035237831289
0,0.9258704263664425,6.2357535401347326e-06,0.07412333787987556
0,0.9897575354866583,0.010242464512551995,7.315051484884619e-13
2,0.005016708759367771,8.668204503441427e-06,0.9949746230357318
2,7.991526396974985e-12,0.002761516244788181,0.9972384837472125
0,0.989745090628388,0.010254909370638051,9.758669034920284e-13
1,1.0270071286506158e-15,0.8113006638259077,0.18869933617436532
2,0.004572912194448362,8.21712551304446e-05,0.9953449165506149
2,0.01569707946852928,3.0648486144170047e-06,0.9842998556830338
2,0.10664130090662491,7.32195403891972e-06,0.8933513771391569
2,2.8570167726127095e-09,8.842948840613192e-06,0.99999115419452
0,0.9997659387889877,1.0935358657062217e-06,0.00023296767517284411
2,1.1446484719718726e-07,3.6286375231281118e-06,0.9999962568978867
2,0.018523796926770895,3.380496640967713e-06,0.9814728225761712
2,0.1292813434320788,4.949769714266807e-06,0.8707137067978785
0,0.9989072134234886,0.001092786574026842,2.733925753258948e-12
0,0.9128949573175296,1.4538117056832443e-05,0.08709050456527949
2,7.037314372755334e-05,1.9527469634230215e-06,0.9999276741090674
0,0.9999726403525777,3.1594329129725744e-06,2.4200214712126753e-05
2,1.6425418313553674e-09,2.0406173586318128e-05,0.9999795921839585
0,0.9999961577124088,2.024303244657934e-06,1.8179841909971825e-06
0,0.9999869450682094,5.281728473139574e-06,7.773203676707161e-06
2,3.70519467537081e-11,0.0003354658740579523,0.999664534088804
2,0.005164661639975531,3.6844167985285473e-06,0.9948316539428772
0,0.9999920122191517,1.5075546149416693e-06,6.480226270568175e-06
2,4.916794549887852e-10,2.1654724920298807e-05,0.9999783447836406
0,0.9745300670517828,3.6826115300378435e-06,0.025466250336741828
2,0.012853086115593547,4.507601905447456e-06,0.987142406282494
0,0.9999465870473415,5.341281303125586e-05,1.4001340305295538e-10
0,0.7012220319980423,3.122574530676531e-05,0.2987467422562985
2,6.744319736910013e-06,1.5817730934881618e-06,0.9999916739071626
0,0.9992535267045031,2.6311502498432524e-06,0.0007438421449741877
2,9.542032533295984e-08,6.808231240510121e-06,0.9999930963487729
2,0.044449327155321655,3.6956573771737137e-06,0.9555469771873435
0,0.9999973287403217,2.6168377266356245e-06,5.4421717807573416e-08
2,2.573232395399219e-09,1.673556737782638e-05,0.9999832618596195
2,0.002512249675263804,0.0021884510705186167,0.9952992992545813
0,0.5291985023266353,7.036892091041674e-06,0.47079446078090303
2,0.028031129493589584,5.6149697395102646e-06,0.9719632555370906
2,0.00130244718116497,1.3312003466177477e-06,0.9986962216188708
0,0.9985645588242656,0.00012289124253549893,0.0013125499336078476
0,0.9254789470717018,1.632185019449601e-05,0.07450473107791346
0,0.9992490888714378,4.7884275542769065e-06,0.000746122700692235
2,1.3340732068655397e-05,2.303569663770522e-06,0.9999843556984623
0,0.9998273682763741,9.047535351694221e-07,0.00017172696980584663
2,0.00966251390615569,4.433155905037278e-06,0.9903330529382006
2,0.0037253604210828223,1.7021114825609367e-06,0.9962729374677908
0,0.9994073484652032,1.2093936515191634e-06,0.0005914421414033404
2,3.739389420191932e-06,1.2785935610222649e-06,0.9999949820174543
0,0.9898717929123463,2.1934568401309864e-06,0.010126013630914886
2,0.005713631813574477,3.863641117003006e-06,0.9942825045449574
2,0.0015585542315916868,1.5501720289226727e-06,0.9984398955968045
0,0.9997164001075511,3.147149080128255e-05,0.0002521284015281389
1,3.443202707476128e-17,0.9750648051891407,0.024935194811218836
2,0.00026977894727519294,9.492094629727858e-05,0.9996353001066486
2,3.351599891221734e-06,2.5482700904505363e-06,0.9999941001298214
0,0.9979010198136,0.002098980182186743,3.8637514218763576e-12
2,8.408066293752335e-15,0.144029743629205,0.855970256370986
0,0.9344290636201599,2.1796082900643242e-05,0.06554914029725317
2,0.047465613096908395,5.594212834054377e-06,0.9525287926906342
2,0.012379764041183367,3.370337853277835e-06,0.9876168656211516
0,0.9785011597261479,3.2390053745248094e-06,0.021495601268264247
0,0.6641266609554571,1.6985060890173062e-05,0.3358563539832579
0,0.9175897003205652,8.233136645291848e-06,0.08240206654255927
2,0.012499104103565134,3.785803658308208e-06,0.9874971100930977
2,0.0002999766130788436,1.8071602536146848e-06,0.9996982162267448
0,0.9999068902046634,9.310970732613891e-05,8.816060896561337e-11
0,0.8795436224141843,0.00027443338971539004,0.12018194419613731
0,0.9936045692536274,0.00010689244711306263,0.0062885382994987025
2,1.8758590047212986e-08,0.0006553715272660246,0.9993446097145119
1,0.0004828843620849143,0.9995171156377753,1.0290535761794365e-22
2,0.003594717086036659,7.994080926025234e-05,0.9963253421042495
0,0.9990219742598501,0.0009780257356871954,4.8820131420838e-12
2,1.1710748823315605e-06,0.00012909350784885858,0.999869735417215
2,9.087187479057198e-05,2.4486083313687685e-06,0.9999066795171195
2,0.0005271435307455827,5.636489927531149e-06,0.99946721997925
2,2.1034076187615373e-07,4.3181308003243595e-06,0.9999954715288131
0,0.5389836528771219,1.2333291184564249e-05,0.46100401383201756
0,0.9999331240595282,6.67262507692736e-05,1.4969008818210683e-07
1,1.3299889001418791e-15,0.713615751099794,0.28638424889985803
2,0.00038842732607827246,3.409754467705131e-05,0.9995774751296789
2,0.04687703120135805,5.249956689686598e-06,0.9531177188416949
0,0.9999974448388359,1.991678317623037e-06,5.634832258821825e-07
2,1.8425785603738564e-07,3.6928410526637912e-06,0.9999961229007239
2,6.211838166561863e-05,8.132087266256165e-07,0.9999370684093593
0,0.9999986941419934,1.0923250641035838e-06,2.1353319812041395e-07
2,0.009631003115991446,4.1437846646536e-06,0.9903648530994932
2,0.0004066488960347711,1.3243147785510699e-06,0.9995920267887681
0,0.9867084637646331,2.8250399275060862e-06,0.013288711195221485
2,0.00865073353900685,3.3639791411617273e-06,0.9913459024816477
2,0.0030316580754658905,1.5217629294859566e-06,0.9969668201613916
0,0.9804365160144031,3.2485400436110297e-06,0.01956023544560904
2,0.14007284038613146,0.00042179963914614247,0.8595053599749096
0,0.5620778552933684,1.2026494293873061e-05,0.43791011821200176
0,0.9973243686409298,5.5799458827694345e-06,0.002670051413214473
2,4.673345791619213e-06,2.211126107491837e-06,0.9999931155280649
0,0.999755844675093,7.881191812025018e-06,0.00023627413265464424
2,0.0705526648159101,1.3100932800300023e-05,0.929434234251435
2,0.0046130184731269725,6.097949394647579e-06,0.9953808835774026
2,0.16363606895995222,9.933624262760903e-06,0.8363539974157059
0,0.9998682405393127,6.438043456731564e-06,0.00012532141752416746
2,3.55317083828572e-05,2.2051346157759755e-06,0.9999622631566218
2,0.0003197245660543491,1.454377612313571e-06,0.9996788210562129
2,0.0067262708574961395,2.205059760300838e-06,0.9932715240823375
0,0.8053999273649216,7.866519483870753e-06,0.19459220611599912
2,1.5786374483422826e-08,0.0002009185062076635,0.9997990657076473
2,0.1880217093010466,1.2706633760665729e-05,0.8119655840652159
0,0.9931794666595908,4.553617955127645e-06,0.0068159797221448
2,2.422121835675182e-06,1.6232888521047183e-06,0.9999959545893916
0,0.9999899747092553,1.0020686543464152e-05,4.604252410398739e-09
2,0.009396266483216903,9.735177418990289e-06,0.9905939983389163
0,0.9969581974889324,5.876663177547896e-06,0.003035925848268113
2,0.00044032084640442963,3.859783944583177e-06,0.9995558193695525
2,0.1642610439364627,1.9559168995903487e-05,0.8357193968946838
0,0.9999750323565552,2.4827331243901237e-05,1.4031191132529627e-07
0,0.9992268421289918,4.356367652709231e-06,0.0007688015037871611
2,1.077795235809543e-05,3.962422366403815e-06,0.9999852596251471
2,0.00020570056545047563,2.1333697700623637e-06,0.9997921660651288
0,0.992852462446719,6.420039477018107e-06,0.007141117513587009
2,0.0033495053101686135,3.0260903685996205e-06,0.996647468599024
0,0.9972786166657234,1.1955027104363695e-06,0.0027201878313787694
2,7.128570080787276e-05,1.7958500918038613e-06,0.9999269184494015
0,0.9986392310419991,1.1466679661146612e-06,0.001359622289858483
2,4.5480602065293946e-08,2.5216799260979303e-06,0.999997432839903
0,0.9997704521149848,1.1800818332794872e-06,0.00022836780324777268
2,0.005185386038447051,3.6487039505456832e-06,0.9948109652578383
2,0.017949346215001955,2.736342018141165e-06,0.9820479174426976
2,7.148824526251846e-06,9.73296884467568e-06,0.9999831182064367
2,0.0019445204865781494,1.4824744125798715e-06,0.9980539970386195
0,0.9451798583318601,5.2349264031679995e-06,0.05481490674219063
2,0.5012347324887121,1.883978773764449e-05,0.4987464277234042
2,0.0030580811344132343,2.7350046594057852e-06,0.9969391838610083
2,0.0005675277882365405,1.7975857107237801e-06,0.9994306746264313
2,0.01582411504717359,4.813531720513926e-06,0.9841710714210061
0,0.9073149081841385,5.810065876327768e-06,0.0926792817500757
2,9.609939542458004e-08,5.771398221101277e-06,0.9999941325021853
0,0.6672610328768215,1.1690041153004725e-05,0.3327272770822378
0,0.7440360892241272,3.653693422305747e-05,0.25592737384210323
0,0.6644018839213838,1.7032952637102045e-05,0.33558108312640256
2,1.0798495258830103e-08,5.974857803510179e-06,0.9999940143440624
0,0.9981519506917838,0.0018480493077792568,4.806710390200719e-13
2,0.0323474020581554,8.467818461585842e-06,0.9676441301232045
2,0.0019174000905316745,1.7505268643239707e-06,0.998080849382401
0,0.9963791459428761,8.210848208583732e-05,0.0035387455754354305
1,1.8645576546419464e-11,0.9999999999809006,5.003310650936912e-32
0,0.9988122205888181,0.0011605115671134857,2.726784450846327e-05
0,0.7858926082404367,0.0015185467806188738,0.21258884497859504
2,3.063789569963086e-11,0.006495737762782153,0.993504262206517
0,0.9997009211542269,0.0002990788125368371,3.3555808145442135e-11
0,0.9975934799643276,0.002406520029382155,5.864584848222418e-12
2,0.00028228662682499135,2.3809895285150352e-05,0.9996939034780816
0,0.9505933382236733,0.04940666171329912,6.278714376722306e-11
1,4.863188030907733e-20,0.9999037331372927,9.62668629138178e-05
1,2.963054296363136e-47,1.0,8.196270559188168e-85
0,0.8892290355397804,0.11076935416080609,1.6102998028330078e-06
2,0.09654769571893483,0.09529455218598563,0.8081577520949182
1,1.4027125115646148e-26,0.9999999994379323,5.62426640688621e-10
1,1.963885608997367e-216,1.0,1.2724258110564208e-165
1,2.125097589529086e-15,0.9999999999990905,1.001821105913229e-12
1,2.066524685443337e-14,0.9999999999718057,2.8361393974142385e-11
1,5.003591702681345e-09,0.9999999157726087,7.922369418313878e-08
1,0.002272731738809876,0.8134247730665747,0.18430249519478814
1,0.008311298383344936,0.7414315341693272,0.2502571674475454
2,0.07389208998434359,0.3304859122261197,0.5956219977898362
2,0.010159589050971436,0.05819794405455597,0.9316424668941796
2,0.000524553680619731,0.00039321672524379086,0.9990822295942268
0,0.7407968212687496,0.0008839189452312403,0.25831925978589404
2,0.0011222493510493715,0.00017981280388982754,0.9986979378446214
2,0.09036083665266417,0.0006043373638407289,0.9090348259836903
0,0.9993513445097087,2.8369811602440462e-06,0.0006458185095619196
2,0.004880636758328316,4.114983057984166e-06,0.9951152482589567
2,0.0047183687454042215,2.712434358161563e-06,0.9952789188205194
2,0.0071390450621350065,2.901097847644481e-06,0.9928580538395728
0,0.9851296396483779,4.676107171699556e-06,0.014865684244619487
2,0.007085086034292715,5.506344979320674e-06,0.9929094076207056
2,5.522108119874136e-06,1.6490988248660202e-06,0.999992828792776
2,0.008209538711682353,2.5158861670082508e-06,0.9917879454018657
0,0.9034140819669442,7.105450669594635e-06,0.09657881258277258
0,0.9557155011805671,2.0737300675662175e-05,0.04426376151866506
0,0.9919938372032848,1.0448874803061375e-05,0.007995713921983776
2,0.015381605860315983,7.713793349714594e-06,0.9846106803466023
2,0.18001145037854901,1.0538911450734058e-05,0.8199780107100164
2,0.0006021972996313072,2.9597388335536694e-06,0.999394842961109
0,0.9999927420257885,7.256808367414217e-06,1.1657725142678603e-09
2,3.3721343815402585e-05,1.595461025318675e-06,0.9999646831954249
0,0.9991442116802567,1.2122148792435204e-06,0.0008545761048756384
2,0.04162372477684868,9.317950673574684e-06,0.9583669572727656
2,5.4993954187932206e-05,8.872816447529297e-07,0.9999441187645001
0,0.9999956214647133,4.36147303756781e-06,1.706236414215249e-08
2,0.4373496534022233,1.902807020454048e-05,0.5626313185278213
0,0.5148430082458832,1.1714689046001454e-05,0.48514527706531574
2,2.3520746060567134e-06,8.085040797624656e-05,0.9999167975174531
1,0.0,1.0,0.0
1,1.5470406448864875e-15,1.0,6.950948383980473e-21
1,7.910907836947694e-16,1.0,3.951716769966533e-18
1,7.79807009923653e-45,1.0,2.0440516727423847e-27
1,6.300705608525875e-14,1.0,4.979960468749977e-31
1,4.1339653003518365e-16,0.9999810075572045,1.8992443105361116e-05
1,7.204706122336527e-05,0.9999279526981055,2.4089899819298555e-10
1,1.1906162834129377e-05,0.9999880937884271,4.840044619884478e-11
1,1.119615041453845e-06,0.9994944789980573,0.0005044013871222388
1,1.931872629684408e-07,0.999367798538818,0.0006320082738738494
1,5.324860123806766e-08,0.9999999467518151,3.4923045831495425e-19
1,0.0012264002881750037,0.9972257592724689,0.0015478404389266717
2,0.0011661648406695142,0.00011179097023238503,0.9987220441889387
2,2.1834396483771063e-09,0.00183003625843396,0.9981699615581768
1,1.4215495646511917e-20,1.0,8.236016475912138e-48
0,0.9954082141031095,0.0045902570156628655,1.5288812653393322e-06
2,0.0014764249777972395,0.008288622707695623,0.9902349523146856
1,3.559060423851343e-24,0.9999999140782202,8.592206503711469e-08
1,1.1839978856777211e-146,1.0,4.140437150548788e-104
1,1.2999114689417305e-13,0.9999999999581632,4.199309694416213e-11
1,1.6873133051089358e-11,0.9999999997562554,2.2669475325557042e-10
1,2.2498511341645255e-05,0.99997749958159,1.906964973558274e-09
1,0.3485328478511735,0.6514624329848283,4.7191635929259626e-06
0,0.8781916085942062,0.11462795874530117,0.007180432660505683
2,3.5549374690783064e-09,0.010714414282268008,0.9892855821629449
2,1.0079535908877382e-07,0.0004406732571692318,0.9995592259473831
0,0.9867720649241463,0.007603944481732152,0.005623990593782011
2,2.3578521270345443e-13,0.28423513703500575,0.7157648629648272
2,0.0002676303011474448,0.024705005153488016,0.9750273645452839
1,3.093719894577829e-07,0.9999996906281491,2.790515037070127e-25
1,1.0232913663910127e-37,1.0,1.0452143648172776e-16
0,0.6001421868085874,0.0004090745501442472,0.3994487386408922
2,0.10315411428805678,1.3324825579608644e-05,0.8968325608862382
0,0.9813948785462536,2.7426350946385547e-05,0.01857769510321665
2,9.445059593946399e-05,6.812478868127848e-06,0.9998987369251084
0,0.8483960708826506,1.3387353789791399e-05,0.15159054176358736
0,0.977008501226346,1.5223514294698975e-05,0.022976275259016903
2,0.3355630085007113,2.88952562850482e-05,0.6644080962429633
0,0.7189967400292888,2.229200319923488e-05,0.28098096796709304
0,0.9998203932741158,0.00017957780342873353,2.892211787235156e-08
0,0.9918321626507827,3.438810864071533e-05,0.008133449240575588
0,0.999766103838201,0.00022475295731741468,9.143204099018614e-06
1,6.091363964479101e-21,0.9999981182144864,1.881785793783779e-06
1,1.3254842290389465e-09,0.9999999986748662,5.2085611679386585e-30
0,0.9906987210754035,0.009301278858915444,6.536185228489668e-11
0,0.999064883829864,0.0009351151231332518,1.0473283023491348e-09
2,0.00010416294764262485,0.1421938295314682,0.8577020075208537
2,4.036841704952094e-07,0.0018439566389064075,0.9981556396766832
0,0.9971289672715264,1.2138036291111471e-05,0.0028588946918734516
0,0.6724062061494772,2.6344502489069204e-05,0.3275674493483424
2,0.035201658591512315,8.990736612062738e-06,0.964789350671813
2,6.107987833592397e-07,0.00029613531737205404,0.9997032538841433
1,4.161831883243962e-235,1.0,1.462351553396e-311
1,1.9382478931479243e-66,1.0,7.83870911094145e-40
1,3.1624308465065094e-26,1.0,2.702772540924206e-50
1,1.220056802800082e-28,1.0,8.676509957968313e-15
1,4.63349672649051e-05,0.9999459422875355,7.722745638972263e-06
1,2.839501671136307e-185,1.0,1.3384270434416762e-136
1,4.871324444691462e-28,1.0,5.971373967074126e-17
1,4.184292934489385e-15,0.9999999999936335,6.230032055133362e-12
1,5.752325527250997e-14,1.0,7.451664490619382e-14
1,8.452564529635417e-12,0.9999807535338248,1.9246457376508935e-05
1,3.5040344358910434e-17,1.0,4.435466308143107e-33
1,1.949785350655101e-11,0.9999656112287533,3.438875206292958e-05
1,1.120027693127839e-09,0.6419675575139209,0.35803244136560225
1,0.2983487860556981,0.7016512130356949,9.083670863324187e-10
1,2.617772577767439e-44,1.0,1.690663732787981e-20
2,0.002047737326114105,0.06537994896360191,0.9325723137103947
2,0.003537294523193132,0.0013947737968945505,0.9950679316800186
0,0.9406948388300472,8.959665382554816e-05,0.05921556451584243
2,4.3462800285573147e-07,0.0001298484626489983,0.9998697169095901
1,6.7038029895e-314,1.0,0.0
1,8.31167380153612e-25,1.0,4.638251160296457e-17
1,6.653327536944416e-24,1.0,1.5857925061123122e-15
1,4.4050703398219205e-15,1.0,5.478380598576994e-23
1,6.691948571952604e-53,1.0,1.1711446006521456e-28
1,5.223441421285105e-11,0.9999866711001871,1.3328847488701123e-05
1,2.1358017635254841e-07,0.9999997659351995,2.0484208392733586e-08
1,1.8354541493428148e-07,0.9999998164548911,1.539083264835032e-14
1,3.8904117611605185e-39,1.0,1.3889694819125898e-18
1,6.254711162542896e-09,0.9999999937454049,1.2731710773894044e-16
1,2.5592900936812054e-32,1.0,4.9180934805254736e-14
1,1.6669589963663494e-19,0.9999999861502147,1.3849465171325266e-08
1,2.1386531303306216e-11,0.9999999999781721,7.838280901434239e-31
1,5.957777122748326e-54,1.0,8.201199394023095e-29
2,8.664522303130462e-06,0.03511584434817862,0.9648754911295592
2,0.0048827483832217695,0.027675536632856143,0.9674417149839573
1,0.013559216128747931,0.9864407838707754,1.5022351476292144e-13
1,8.415612079062042e-19,0.9996274465728635,0.00037255342720226317
0,0.730097564196732,0.2699023670516616,6.875167429914828e-08
2,0.005370997682079123,0.043338982963698126,0.9512900193540211
2,1.1374902101733665e-07,0.1614509257669011,0.8385489604838757
1,0.1656318507814012,0.8343681491516121,6.739055569805639e-11
2,1.9941827043271044e-08,0.007858181503930911,0.9921417985543309
0,0.970112948319785,0.029887051590958946,8.910568853054454e-11
0,0.995106880035402,0.004892997715776407,1.2224837254618066e-07
2,1.6958400209217637e-10,0.00032613130868764853,0.9996738685219514
2,0.01782871320504749,1.7153408104201288e-05,0.9821541333865538
2,1.0496108026681148e-12,0.006987441137794999,0.9930125588613512
0,0.9312384793314101,0.0015412956960699884,0.06722022497250157
1,4.810398013552499e-05,0.9999518960195672,4.3771285230761765e-22
1,1.175867352374881e-20,0.999903180412513,9.681958746699537e-05
0,0.9995414337796715,0.0004584908140505018,7.54065514966899e-08
2,2.3950197623470884e-05,4.352496457419794e-06,0.9999716973055784
0,0.9990536859320951,0.0001318105721348515,0.0008145034958678335
1,4.1259104138208635e-54,1.0,3.048206376575455e-27
0,0.5467234249873573,0.03404923885628367,0.419227336156221
2,0.0014111983528299617,0.0003151273491602008,0.9982736742982022
2,0.0009557912627385862,0.0011629944139427523,0.9978812143230644
2,0.007953167616029917,7.115912896987311e-05,0.9919756732550025
2,0.021464175841643292,1.864435824751932e-05,0.9785171798005202
2,2.444591780205825e-06,5.793896359817686e-06,0.9999917615116952
0,0.9996992847056533,0.0003006477133095396,6.758113600040102e-08
1,5.250311380181893e-20,0.9989550634324635,0.0010449365673787004
0,0.998529818479864,0.0001491525690578928,0.001321028951233588
2,5.140779304437526e-06,2.5513044485596733e-06,0.9999923079162983
0,0.9999529647896169,2.358655909198764e-06,4.4676554510311377e-05
2,5.470117964037727e-06,1.5601116525605459e-06,0.9999929697707297
2,0.05356638606565154,3.6501236554313756e-06,0.9464299638109953
2,0.009954180744747717,2.679946317134911e-06,0.9900431393090993
2,1.764513291884352e-05,9.237795788863904e-07,0.9999814310872904
0,0.9999878941994826,1.0150066543236095e-05,1.955733753668964e-06
0,0.6412766037248212,0.3587233962750077,4.695567936581046e-14
0,0.7391074177336894,0.00023672202455443702,0.2606558602414514
2,0.020751697944301883,2.2666886400145076e-05,0.9792256351689963
2,0.011690502464465848,3.8128476465300914e-06,0.9883056846877663
0,0.9998173618253299,0.00018263817054713687,3.9337138636595255e-12
2,0.22982155018542835,2.218680474438011e-05,0.7701562630094732
0,0.9926704106408007,6.095041974387524e-06,0.007323494316990006
2,3.4269575221323186e-13,0.008601577201477336,0.9913984227982606
0,0.9999973963428845,1.5591597113114257e-06,1.044497420351313e-06
2,8.93800010127205e-09,3.94774326008896e-06,0.9999960433184303
0,0.9999935280138993,6.442864524033631e-06,2.9121741374709646e-08
0,0.7890516803763858,2.092521467781845e-05,0.2109273944093181
2,1.9929310986289537e-10,2.6148226233964967e-05,0.9999738515743017
0,0.9999577203059344,4.227966702130895e-05,2.665706923670587e-11
2,9.598495577126421e-09,4.271193348941006e-06,0.9999957192085952
0,0.993676126020247,3.2588495093310615e-06,0.006320615130579536
0,0.9999691524382279,3.081342627112779e-05,3.413564226319649e-08
0,0.5896850808579474,2.486482411750398e-05,0.41029005431819027
0,0.938799801108084,1.9804151798660615e-05,0.06118039474035406
0,0.99984044590374,4.230988466257292e-06,0.00015532310798715483
2,9.321231486459234e-13,0.0018111516226943039,0.9981888483762322
0,0.99959190851997,9.237295161218414e-07,0.0004071677503768634
2,0.0022161938981013155,2.2499146234069215e-06,0.997781556187457
2,0.019611041155627885,5.514179748928512e-06,0.9803834446650505
2,9.419186200911046e-09,8.109944381002381e-06,0.9999918806363369
0,0.9997363984047638,0.0002636015938403843,1.3810658963877816e-12
2,1.0148435279796202e-12,0.00196183334376539,0.9980381666556708
0,0.8072587825592699,6.086695904108428e-06,0.19273513074470333
2,0.00019668221826944085,2.4757057733857756e-06,0.9998008420755865
2,0.15548694831172383,1.39925247641605e-05,0.8444990591637969
2,1.195312680618115e-09,3.97435254952447e-05,0.9999602552792938
0,0.9999953154356849,4.677578603483227e-06,6.9859827568959855e-09
2,1.5038902324066837e-12,0.0025254025951152457,0.9974745974030955
2,0.005937617366526782,4.901592374501428e-06,0.9940574810407676
0,0.9999698774416549,2.965928281266574e-05,4.6327581302905244e-07
1,2.536066177698842e-64,1.0,1.3388642997001174e-36
0,0.7400307919710715,0.001540924804138356,0.25842828322450156
2,2.2943913897745594e-05,5.970941594800691e-06,0.9999710851449368
0,0.9992918531573568,0.0004910794134055134,0.00021706742898356955
1,6.574543843716673e-35,1.0,3.81271263449487e-13
0,0.9157375817778943,0.0019039896064438407,0.08235842861577514
0,0.9956169010615334,0.0004240780499785459,0.003959020888731667
1,2.8552886018598835e-14,0.8744095290787804,0.12559047092114292
1,2.7462299228750494e-17,1.0,1.3380135602967676e-42
0,0.9929638626275923,0.007033780866764942,2.3565053040554667e-06
1,0.3952962811667768,0.6047037188325546,3.2282439862122704e-13
1,9.727421435643727e-40,1.0,4.2041410854872648e-19
1,5.073939353069622e-21,1.0,8.317031395105608e-48
2,0.001069763757178284,0.054899030758389956,0.944031205484447
1,0.011924768246033973,0.9880752317540848,2.5036323496971017e-17
1,0.08785376521366393,0.9119654991218952,0.00018073566465068164
1,3.986294539305668e-27,0.9999999967812983,3.2186824430600393e-09
2,1.5999966966446033e-09,0.11541970000007966,0.8845802983997213
2,0.00034649585513814654,0.0009285730922587423,0.9987249310524443
2,3.42332119260197e-05,0.0003470351454850332,0.9996187316427317
2,1.6057804353604144e-06,2.7664443644078422e-05,0.9999707297756779
0,0.9999464009683159,5.355521047999013e-05,4.3821449819280085e-08
2,0.005667262252328464,2.592643970930069e-05,0.9943068113079592
2,6.908922029954314e-09,1.3760788335514293e-05,0.9999862323031329
0,0.9999885007297931,1.1498539302666665e-05,7.310804334187187e-10
2,9.2648409408386e-10,5.1640983569375136e-05,0.9999483580897386
2,2.3244599587757656e-07,5.613954022667359e-06,0.9999941535996103
2,0.003900029790303658,1.8720539635033032e-06,0.996098098155551
2,0.007959262249162834,5.977335647891604e-06,0.99203476041531
0,0.9971770187834141,0.00282298121299307,3.5005593202255452e-12
1,1.6026152926902595e-20,0.9995846668389669,0.0004153331612760575
2,9.072177746674128e-05,4.1928201965357364e-05,0.9998673500207298
0,0.993633230436683,4.3711641147643005e-06,0.00636239839939348
0,0.9993921005426238,3.5514954749053525e-05,0.0005723845027994331
2,0.00032531160560374234,0.0006621016243149096,0.9990125867704673
2,0.01203804354828828,2.9335435874825333e-06,0.9879590229082951
0,0.9632371369580672,9.148690606050256e-06,0.03675371435155777
2,5.0557523806528365e-09,9.19880865624199e-06,0.9999907961351443
0,0.9998878677951722,2.424762749366328e-05,8.788457778532245e-05
0,0.9810717353216573,0.0050383513421865,0.013889913336213195
0,0.9275790977458405,1.8934576501391078e-05,0.07240196767746591
2,0.0003509644330538407,4.636606708389456e-06,0.9996443989605374
2,6.514350024044387e-05,3.219966041604438e-06,0.9999316365332888
0,0.9999909555972144,9.042452953958777e-06,1.949611332328306e-09
2,0.17455425414288717,1.3962257980603354e-05,0.8254317835989908
2,1.3195989552010006e-07,1.7828403389824618e-06,0.9999980851998913
0,0.994400190886948,1.7638122196353352e-06,0.005598045300712408
2,1.6256097026940075e-07,4.017610710603124e-06,0.9999958198282969
2,0.07751616862951441,5.070716131116574e-06,0.9224787606545896
2,0.00467930974266249,1.7710269664235695e-06,0.9953189192302115
2,7.039705823754147e-07,1.585174130526685e-06,0.9999977108553875
0,0.9997108600032448,0.0002891395783005092,4.1805346886737035e-10
1,5.433507088294584e-24,1.0,9.98126358785877e-54
2,0.004453362514248598,0.01337741871275061,0.9821692187730028
0,0.5345393110484963,0.01022646693772393,0.45523422201402736
1,0.44188785023543564,0.5581121497646069,2.48540629139924e-14
1,4.866212775211133e-15,0.6858894169483032,0.31411058305204004
0,0.8297650326741898,0.00024174233087282025,0.16999322499516661
2,2.0626091787139387e-06,2.162805254897045e-06,0.9999957745856731
0,0.9999940189451686,5.816897944490488e-06,1.6415658327426276e-07
2,8.87377248072185e-12,0.00053896734555928,0.9994610326454371
0,0.9999487512104216,2.035577957945921e-06,4.921321194117957e-05
2,4.657877480458358e-09,1.8611164828683615e-05,0.9999813841773354
0,0.6490728434469668,0.00010535612246333839,0.3508218004309972
0,0.9327529681847226,2.033246554525482e-05,0.06722669934931232
2,7.166478620030412e-10,4.815552033104632e-05,0.9999518437634264
2,0.004266403684329311,2.9534029229341767e-06,0.9957306429126288
2,0.00012495713007308983,1.0640871459446393e-06,0.9998739787830314
0,0.9999859908838458,2.792111698922214e-06,1.1217004223103873e-05
0,0.997944877341813,2.193463072739874e-05,0.002033188027613017
0,0.9999693934923914,3.0142365946164048e-05,4.6414135142826404e-07
2,8.537227603642882e-12,0.0016153989635432698,0.9983846010275028
0,0.9999661685535525,3.383138355422405e-05,6.334246219219806e-11
2,2.4302141191318494e-12,0.001139066260471483,0.9988609337368602
0,0.9942846932153732,6.387849659965052e-06,0.005708918934952131
2,0.0001538982165173394,3.968664914585166e-06,0.9998421331187549
2,0.0018773512393743593,2.308569449514322e-06,0.9981203401914367
0,0.9999952820128213,2.520524378853919e-06,2.1974625328400095e-06
2,3.303300446557014e-13,0.0520028978847097,0.9479971021148131
2,0.14553663248207474,1.5651529495680056e-05,0.8544477159886141
2,0.0012243883598147328,2.948296979346297e-06,0.9987726633433207
0,0.999769798171307,3.130815891286646e-06,0.0002270710125903331
2,0.00502951167501504,5.882634860246145e-06,0.9949646056898608
2,4.831326609528561e-05,8.278829078350358e-07,0.9999508588513187
0,0.9999969049806771,3.0890981840164633e-06,5.921517452627471e-09
2,1.6370741492879878e-07,1.7706876336682545e-06,0.9999980656048657
0,0.9991088301173539,0.0008911698794734982,3.444711188099073e-12
0,0.9999710980148243,2.4422933048859872e-05,4.479052197108295e-06
2,1.199067972114123e-08,2.7439190116044675e-05,0.9999725488189921
2,0.008175674507990708,3.2190734264662304e-06,0.991821106418412
0,0.9999766063591463,1.3687849800107976e-06,2.202485576843801e-05
2,8.316406403602165e-10,6.07279429180329e-05,0.9999392712257511
0,0.9999941739303363,5.825049907610399e-06,1.020100784171191e-09
2,0.0022538884394139383,2.6329217522328773e-06,0.9977434786384445
2,0.009121438634914575,3.6830774261058465e-06,0.9908748782880537
0,0.999111844736215,0.0008881552615418619,1.8872944077646207e-12
2,0.0008638280752315212,3.4040871104655414e-06,0.9991327678380417
2,0.04566967405055827,5.491275399240336e-06,0.95432483467409
2,5.735223548143417e-06,1.0086858045609719e-06,0.9999932560904228
0,0.9970400304694218,1.644091970586909e-06,0.0029583254387504977
2,0.02316518671233563,6.590801732494366e-06,0.976828222485624
2,1.879592336535381e-10,4.1327175072636305e-05,0.9999586726371325
0,0.9995537086676703,1.7196475266524477e-06,0.0004445716848084346
0,0.9544525180663085,0.00012554834687332941,0.04542193358669903
1,1.1752500001287118e-14,0.5366433571737951,0.46335664282594996
0,0.9646885439937305,0.0001584862227124166,0.035152969783113726
0,0.999760817701409,0.00023573194138362398,3.4503567892363246e-06
1,1.621487832773663e-18,0.9995622367833769,0.0004377632162747052
1,1.649096151255925e-180,1.0,7.778975342390051e-249
1,1.0454175764673939e-08,0.9999999885994839,9.464837253016171e-10
1,1.2554586439904586e-07,0.9999998729626977,1.4913004510770487e-09
1,3.529817694027307e-13,1.0,3.2141756604846723e-24
1,0.019095720799527816,0.9809020947473315,2.1844535841509897e-06
1,3.0566159826059445e-28,0.9999999998244675,1.7585183423979904e-10
1,4.5840607413546675e-08,0.8907872529743344,0.10921270118516432
1,1.1472066876144044e-14,0.9993397445728708,0.000660255426913217
1,4.471732999035263e-20,1.0,1.1140516048746288e-42
1,7.214809014462542e-72,1.0,2.7551175926606413e-42
1,2.945602431077154e-09,0.9959687123197691,0.00403128473440451
1,0.0006702935354710707,0.9876291107726337,0.011700595691699915
0,0.7731900852449899,0.22665096756543757,0.00015894718980865555
1,2.1804608239209996e-39,1.0,1.4620542622603655e-16
0,0.8545687636165276,0.041341022965911745,0.10409021341724146
2,1.9517492372178832e-05,0.0038692154692257026,0.996111267038397
1,3.817141671245437e-07,0.999999618286056,4.0159634395322147e-25
1,2.015671509068055e-13,0.9821717094586032,0.017828290540799752
1,6.119056308428642e-160,1.0,3.1506939364702204e-226
1,4.602776482991848e-36,1.0,7.014106630685193e-66
1,1.4266608189192675e-21,1.0,1.1463955792039632e-40
1,0.0,1.0,0.0
1,2.7525837189451836e-305,1.0,0.0
1,1.8403773853008153e-28,1.0,4.1627057893322065e-48
1,7.669986077438744e-67,1.0,6.496351681662442e-95
1,3.960484208847327e-223,1.0,2.3882251688465596e-175
1,2.888932903151547e-45,1.0,1.83798375601768e-29
1,8.939013243215321e-130,1.0,5.6454695586729404e-179
1,4.627850382759647e-261,1.0,5.732846916004338e-204
1,2.168871677788339e-31,1.0,5.575960741593584e-19
1,3.6217179744227957e-75,1.0,6.074365491161774e-109
1,1.2972083841373885e-210,1.0,6.208315281135769e-158
1,2.750588610220658e-47,1.0,2.0046753192518742e-26
1,1.2348584129713147e-19,1.0,3.501967438831632e-18
1,1.0527838949406444e-20,1.0,1.423832812718265e-17
1,8.466753961112893e-35,1.0,1.3421866348360744e-17
1,6.217769150291284e-11,0.9999997847335412,2.1520440560167502e-07
1,3.013707648496044e-08,0.9999714502074397,2.8519655404792835e-05
1,1.471248337961995e-06,0.9999871852399161,1.13435120529083e-05
1,0.00016370859628286915,0.7658863469423842,0.23394994446114276
2,6.165263111206853e-06,0.004928790757481044,0.995065043979644
2,0.0482234321825022,0.0015421507755028212,0.9502344170420486
2,0.0019626054738848767,3.595138652740874e-05,0.9980014431393869
0,0.8985466160274581,3.310639211189578e-05,0.10142027758062461
0,0.6914934119098989,0.30850658809039533,3.2550692284552837e-15
2,1.918117712500643e-12,0.015585729489959434,0.984414270508422
0,0.9997479666797469,1.9003343931709695e-06,0.00025013298556625683
2,0.0002924269606194856,0.00011681812338208702,0.9995907549155874
1,1.9898155439147666e-76,1.0,4.910042038061808e-46
0,0.8066068771202619,0.19339312027807926,2.6016346534058654e-09
2,7.396230204442286e-12,0.3136664586504114,0.68633354134206
2,0.09850034147106314,0.017072124799472677,0.8844275337290783
2,0.367758538001849,0.0012033369924738762,0.6310381250055165
1,1.4728610275825633e-184,1.0,4.465697058504618e-139
1,6.476422456357992e-05,0.9999352357744993,9.097118782415744e-13
1,6.038277240571623e-18,0.999998798446353,1.2015539630497152e-06
1,2.6989694410533228e-05,0.9988918228477338,0.0010811874580789946
0,0.8844075949434298,0.049434854606076294,0.06615755045022816
2,0.013593151006199226,0.001966464652648061,0.9844403843414486
0,0.9850063503223493,0.002562055475938175,0.012431594201260096
0,0.9751592144245719,0.024840748832097474,3.674346756693868e-08
1,7.578531395839708e-13,0.8735992940214494,0.12640070597741276
0,0.7346860896838737,0.26531391030863133,7.256412544248892e-12
2,0.2422585385521791,0.0031964256087859653,0.7545450358389808
2,3.47789410792268e-05,2.4765728698140702e-05,0.9999404553302828
0,0.9999032516745296,9.673226390416166e-05,1.6061586139600323e-08
1,2.1551801479054546e-05,0.99997844819823,2.0601435632636278e-23
2,0.030994837199997287,0.0011099473219007235,0.9678952154779246
2,8.471454226846593e-07,2.2680497341776943e-05,0.9999764723573409
0,0.9848344688900535,0.015165531108252412,1.5697542140813668e-12
1,2.1706351333886396e-25,0.9999991947937419,8.052063625051673e-07
0,0.9985764436819584,0.0014235554092425972,9.09104757086639e-10
2,0.1704636040457927,2.5511878783858884e-05,0.8295108840755332
2,9.452750307931581e-11,0.00019713335234527375,0.9998028665533606
0,0.9994030889733991,0.0005969110250120397,1.7534152929735035e-12
2,3.1148064498006938e-09,1.5706351281088038e-05,0.9999842905341886
0,0.9070146533459975,1.610747344949747e-05,0.0929692391808266
0,0.9990120335606442,1.345547529257891e-05,0.0009745109641814137
2,5.6047769667995415e-09,1.8080898167996032e-05,0.9999819134971759
2,0.0015273632210769242,2.3989750133354375e-06,0.9984702378041458
0,0.9992412130789414,1.4952366975634136e-06,0.0007572916844306465
2,1.0397491986293811e-08,6.720863306755916e-06,0.9999932687395898
0,0.9728172631633718,2.5102188425961232e-06,0.02718022661784611
2,4.004746960056624e-09,2.0124288395203446e-05,0.9999798717069421
2,0.027553091654085093,4.486851626559614e-06,0.9724424214939301
2,1.611545467491484e-06,1.0658600033577671e-06,0.9999973225948824
0,0.9999978651217185,1.934436547092488e-06,2.0044141472901525e-07
2,5.766027586493481e-09,1.1857623580833158e-05,0.9999881366105667
0,0.9899633249743328,2.696152153596578e-06,0.010033978873584343
2,0.1366836525144945,9.569654307721557e-06,0.8633067778310396
2,2.8825397092926896e-06,1.0543250437342157e-06,0.9999960631353321
0,0.8900010623333303,6.599522980644289e-06,0.1099923381435956
0,0.9999878713778086,1.1739494043893773e-05,3.8912831339013894e-07
0,0.9999662241709113,3.3773530290561046e-05,2.2992249911538888e-09
2,7.92047115570951e-11,0.0005179771661832038,0.9994820227545221
2,0.3166942224406896,7.096615670001381e-06,0.6832986809434793
2,0.01496422556275449,2.8578526048007593e-06,0.9850329165844183
2,2.284948411039177e-05,1.985200027034644e-06,0.9999751653159127
2,1.3193842996702882e-05,9.242296769241867e-07,0.9999858819270033
0,0.9999980722487116,9.90276156115159e-07,9.374751993838456e-07
2,2.10918873393658e-11,0.0027057169155490263,0.9972942830629079
2,1.588340636519924e-12,0.02837656566000834,0.9716234343387591
2,0.0002634236358937011,6.4199381765456075e-06,0.9997301564262463
2,1.2690971661251154e-05,1.3930717782183268e-05,0.9999733783103026
0,0.9998308097608248,0.00016919023079079722,8.64990385037324e-12
2,7.435566008332615e-10,0.0003445790665126798,0.9996554201901657
2,2.245990597069703e-07,3.794618661722119e-06,0.999995980781824
0,0.9421570661320845,3.1328789403078185e-06,0.057839800988680974
2,1.0943624959095364e-05,2.697090370482294e-06,0.9999863592850429
2,5.900981734137183e-05,2.8840611827267548e-06,0.9999381061216992
0,0.9174327379525801,1.0833899429437065e-05,0.08255642814809162
0,0.9999049114895668,9.508547589574221e-05,3.0345934202406292e-09
0,0.9998978377782423,8.2266382577077e-05,1.989583914633466e-05
1,3.659477816378274e-25,0.9999999637357184,3.626438589714465e-08
1,2.067405456222714e-31,1.0,1.2315279312601875e-63
2,5.809053707494651e-06,0.0005440971105155576,0.9994500938358797
2,0.00040083033906386446,9.995387348301493e-06,0.9995891742737376
2,1.717561752073705e-07,5.215666432823121e-05,0.9999476715797108
0,0.9997597792401374,0.00018676810285987695,5.345265659036465e-05
1,1.0479826639523348e-23,0.9999983749762139,1.6250238722011008e-06
2,0.18229199971962173,0.0014646963762342978,0.8162433039041984
2,7.108622990245933e-07,2.5966364797593593e-05,0.9999733227725793
0,0.9985133600139381,0.0009732722460800225,0.0005133677395694441
1,5.539908583389543e-39,1.0,3.485996564621647e-16
0,0.9987627977272018,0.0010429720215661574,0.00019423025096762446
2,2.664229429633197e-11,0.0008454449615981209,0.999154555011553
0,0.8365617992774218,0.00010905939063211783,0.16332914133226606
0,0.9998970950764455,0.00010284605393968251,5.8869317138982874e-08
0,0.9968130610236565,2.040623642744809e-05,0.0031665327403313614
2,0.0041348128886968755,1.0958308425199426e-05,0.9958542288024248
2,0.0028288838038890286,2.445834857158567e-06,0.9971686703610755
0,0.9999963624770991,3.621902823656203e-06,1.5620482970394632e-08
2,4.889397326576594e-13,0.022873576957175706,0.97712642304202
2,0.004415585595619798,3.6852569901653914e-06,0.9955807291478077
2,6.125730772264468e-07,1.3499101948188084e-06,0.9999980375169956
0,0.9998598428514259,2.0204914982891993e-06,0.0001381366572617149
2,3.2869042251639737e-12,0.0007539062084308898,0.9992460937886458
0,0.9999746942558513,8.027780074807656e-06,1.7277964150034923e-05
0,0.9999290527651578,1.4920537721829687e-05,5.6026697134094804e-05
2,2.8557977906673757e-08,0.000934747211955781,0.9990652242298538
1,4.760822308278494e-06,0.9999952391776428,8.584820219918838e-25
1,2.211499456078137e-14,0.8416547736862287,0.15834522631410144
0,0.9934320632853333,0.006567936657683209,5.695349130071737e-11
2,1.711997492097064e-05,1.0162374935524566e-05,0.9999727176502395
2,0.0010330998046958798,1.7502962215956943e-05,0.998949397232729
0,0.9989186088778447,0.0010813910857357778,3.631930004844234e-11
0,0.9999625481542618,3.455574979589623e-05,2.896095525673571e-06
2,5.0086493220237624e-06,9.252405024809961e-06,0.9999857389455511
0,0.9269002291126938,9.636360255238776e-05,0.07300340728465013
0,0.998218701741641,0.0017812965985958312,1.6595926700108896e-09
2,0.059597876739517,3.347540403997078e-05,0.9403686478566994
0,0.9999680121896137,1.4066422264369662e-05,1.792138844148803e-05
2,1.1353521123735335e-10,0.01698000401760809,0.9830199958692342
1,0.009196500606797034,0.9908034993933165,1.3944477487505998e-18
2,5.646978348124739e-05,3.724025173323119e-05,0.99990628996513
2,0.056620753089708625,2.018210513853853e-05,0.9433590648049464
0,0.91456715166365,0.08543284833649398,1.3299001389912222e-13
1,6.980553484215895e-31,0.9999999999563443,4.330179622824431e-11
2,3.872548314218186e-06,6.627102109009292e-05,0.9999298564307457
0,0.9999323080339364,3.079344910859116e-06,6.461262121384886e-05
0,0.9986323164084394,2.8708681098984653e-05,0.0013389749100374494
0,0.9999338732832681,1.028317794740483e-05,5.584353873252006e-05
0,0.9993236701283408,8.99734231840701e-06,0.0006673325290658141
2,9.709844805992805e-05,5.142148226653348e-06,0.9998977594032713
2,1.4700129906714979e-08,2.6730617244026913e-05,0.9999732546823488
0,0.910366427655845,0.0896335723443892,2.966608058600074e-15
2,1.496621481200523e-07,7.0399833538791935e-06,0.9999928103547223
0,0.6740985097976119,8.025226057467391e-06,0.3258934649764433
0,0.9985572992613673,6.125921616031476e-06,0.0014365748167261328
0,0.9224103516682597,9.579130709813916e-06,0.07758006920057808
2,1.1770009096375434e-12,0.0049070943712784905,0.995092905627492
0,0.998018484031491,1.8894689150173505e-06,0.001979626499524874
2,0.03727058217522958,6.266927491137118e-06,0.9627231508975479
0,0.9975211531268006,1.6431678290546693e-06,0.002477203705522383
2,0.0005518568315602698,3.364549998375542e-06,0.9994447786188276
0,0.9982026705685741,0.0017973294312067021,1.980451463740778e-13
2,0.0064335239934277715,0.00021461717014047534,0.993351858836669
1,4.383667843228122e-18,0.9891241657348234,0.010875834264972933
0,0.9998618241254186,0.0001381609087687243,1.49660668403294e-08
2,6.361694628965484e-14,0.01746986888758445,0.9825301311125616
0,0.9999916331848773,5.587405695159626e-06,2.779409721091241e-06
0,0.9842676622269728,6.638007861812445e-06,0.015725699765366877
2,9.71814994978241e-09,0.00020603323998690093,0.9997939570415613
1,0.1785016139951743,0.8214983860051751,6.294199188782143e-18
2,0.0029630972546569826,7.719927470863296e-05,0.9969597034704011
2,0.013715676413317666,3.0351959204043348e-06,0.9862812883910916
0,0.9987814476740324,4.601422514982794e-06,0.0012139509036087949
2,0.00243685691829201,6.186484739993524e-06,0.9975569565968306
2,0.05152672766135712,4.836198277109853e-06,0.948468436140348
0,0.9987948921735308,1.2823335882522907e-06,0.0012038254931559002
2,0.007083684383597141,8.301017707200361e-06,0.9929080145985132
2,0.006890106953391834,5.719334185959169e-06,0.9931041737126565
2,1.504822472049662e-09,2.2928681007566008e-05,0.9999770698141787
2,0.07843394042462046,5.812636215389652e-06,0.9215602469390938
2,3.107651209815058e-07,2.5886927455614424e-06,0.9999971005423701
0,0.9995118700702876,0.0004881298199720424,1.0947787369182805e-10
1,7.792616176831066e-18,0.9549328987495502,0.04506710125046496
0,0.9904188839325025,8.581059912647434e-05,0.009495305468735933
2,0.0610217747986293,8.772004776813119e-06,0.9389694531970009
2,0.009411946581986954,8.452672963741891e-06,0.9905796007449502
2,1.8621151280939502e-13,0.013386516836539014,0.9866134831636258
0,0.9999914874341245,8.503677507303441e-06,8.888267181056288e-09
2,1.957830274354207e-09,2.5628428203159307e-05,0.9999743696136192
2,0.004466773872875051,3.909786603938376e-06,0.9955293163408334
0,0.9999343547835118,1.953694849815012e-05,4.610826842085409e-05
1,0.0001924686159145825,0.999807531384122,1.7361549191171908e-22
2,0.003003517915467583,0.0023016302240881545,0.9946948518604843
2,0.0007378755741151178,4.1636086460439915e-05,0.9992204883396508
0,0.9999975575595086,1.994196019829807e-06,4.482440230690905e-07
2,0.0006709721614406895,3.021526076774993e-06,0.999326006312426
0,0.9999927087830894,7.289007687598992e-06,2.209038974260807e-09
2,0.0007488521992249758,6.241314356031284e-06,0.9992449064867022
2,7.425291805237241e-07,1.1579876606147211e-06,0.9999980994834784
0,0.9999855075488694,1.449225835346753e-05,1.9296493560519008e-10
2,6.500130677323517e-05,1.788327740736146e-06,0.9999332103657165
2,0.0013919534326091523,1.2937835453500755e-06,0.9986067527834491
0,0.9996020492672562,1.0098414401262713e-06,0.00039694089109569553
2,0.00035264479166768995,2.2612175992801515e-06,0.9996450939904049
2,0.23874293598157056,1.0547829769598793e-05,0.7612465161882409
0,0.959235386147881,4.68723091150429e-06,0.040759926620904406
2,0.0012784654693701967,2.14481996935412e-06,0.9987193897109047
0,0.9985866019350177,4.177257194397268e-05,0.0013716254926904373
1,5.977255097701277e-19,0.996833604687963,0.0031663953121053748
2,0.0009530030100873196,5.8278214938188734e-05,0.9989887187748111
2,0.31430009969083994,1.760229318852649e-05,0.6856822980163765
0,0.999994507917638,3.872044748310948e-06,1.6200380319561896e-06
2,2.939719145062266e-11,0.00023407528005577348,0.9997659246905731
0,0.903008917464885,8.827053263253146e-06,0.0969822554818932
2,0.0022546869727403684,8.161053575578834e-06,0.9977371519736675
2,0.0006565854652401444,1.458202160238262e-06,0.9993419563330055
0,0.9999618074706926,8.953567545357821e-07,3.729717263950754e-05
2,7.733714984206869e-13,0.002015542947472733,0.9979844570514965
0,0.9999199496497162,9.818220728718835e-07,7.906852798148551e-05
2,0.0009619372306180309,1.9200676962112455e-06,0.9990361427017499
2,4.8842471625595224e-05,1.0209857041070453e-06,0.9999501365427375
0,0.999940585001962,5.941497175995202e-05,2.6251361927785628e-11
2,0.0588836578891007,9.739461748442812e-06,0.941106602649217
0,0.9987675882957999,1.4834989185590038e-06,0.0012309282052419875
2,5.700876817132581e-05,2.4198600536547884e-06,0.9999405713721748
0,0.9962412768840448,1.5098499803463797e-06,0.003757213266266447
2,0.006884390941836713,3.858923393928736e-06,0.9931117501349163
2,1.4924887748059434e-06,1.8201307427725161e-06,0.9999966873802193
2,0.004985020973531582,2.104714693433251e-06,0.9950128743120467
0,0.9999697702673049,3.022966476281849e-05,6.830777779592699e-11
2,2.2501493327490297e-12,0.0009374754060091411,0.9990625245915462
0,0.9645470697558954,4.187329223201677e-06,0.03544874291476143
0,0.9997513971315157,2.89387499671429e-06,0.00024570899312583306
2,5.573606765139274e-11,7.635080016618105e-05,0.9999236491439105
0,0.9996058102820425,0.000394189715751026,2.2158564293634894e-12
2,0.0010767561703832133,2.8514639299146567e-06,0.9989203923659281
0,0.9955636600841343,1.674141730413589e-06,0.004434665773726161
2,0.12545205017429992,4.139971529220865e-05,0.8745065501106083
2,0.01984238318460524,3.124137382823401e-06,0.9801544926782567
0,0.9999869909015976,1.300874805694929e-05,3.504500879686265e-10
2,5.1889893024037955e-05,1.5465503794668768e-06,0.9999465635563485
0,0.999983236700689,1.0706215420806017e-06,1.56926773829358e-05
2,0.003163342502850602,6.151258054977795e-06,0.9968305062394114
2,1.6774404997596994e-09,0.0003501220275610512,0.999649876295221
2,1.620440608264339e-06,1.840012985510872e-06,0.9999965395459942
0,0.9994802900288621,2.568330864878808e-06,0.0005171416399920582
0,0.9988276098281692,0.00014003662639054852,0.0010323535450335202
1,1.6622259834714492e-09,0.9999999983374437,9.204284737834568e-31
0,0.9966342551536587,0.0033656561108339742,8.873594025127053e-08
2,1.797830289907637e-11,0.0101466295607835,0.9898533704213052
0,0.9956250515551505,1.7326112898005882e-05,0.0043576223318632056
2,0.03125614467264111,8.5935326912535e-06,0.9687352617950246
0,0.9895314062425852,3.52237179494258e-06,0.010465071385687096
0,0.9915773760991391,5.715239759041368e-06,0.00841690866149015
2,0.0008481300555622643,2.969534258142661e-06,0.9991489004105443
2,0.009491864634032463,3.475794318196956e-06,0.9905046595713147
0,0.9999584879418703,2.590389036285078e-06,3.892166890160927e-05
0,0.9848465687796288,5.728099220051939e-06,0.015147703120902417
2,3.555678112285758e-05,2.153869680006344e-06,0.999962289349081
2,0.0007187263339370036,7.448020985798875e-05,0.9992067934558914
1,2.1355719717152344e-45,1.0,4.216469542875469e-21
0,0.9515231691271131,0.007420126230608553,0.04105670464264521
2,0.0060926174372835,0.00010504449015840394,0.9938023380726434
2,0.3112677020809856,0.00011885550791277152,0.6886134424107263
0,0.9172621026207071,9.995320573779634e-06,0.08272790205913215
0,0.9996620781015985,4.812347538015659e-06,0.0003331095504617899
2,0.0009796351531306145,4.582850928939151e-06,0.9990157819956371
2,0.0006226465124983375,1.6459251163286094e-06,0.9993757075623068
0,0.9998902147859354,2.2190554380384705e-06,0.00010756615867697256
0,0.9991472373895628,0.0008527625932011341,1.754836665151231e-11
2,5.437894052163944e-07,5.849272453001121e-06,0.9999936069384323
0,0.9252755356701597,1.1905752732179341e-05,0.07471255857717661
2,0.0012166465499338609,3.867013175923094e-06,0.9987794864369431
0,0.9999862311026164,1.3751460070460935e-05,1.7437760222866544e-08
2,0.0013335422350418396,2.402313471487827e-06,0.998664055451845
2,0.3111646011251966,7.531123796387925e-06,0.6888278677511551
0,0.9999815477642059,2.1526076816216664e-06,1.6299628117264575e-05
2,1.735094620252372e-05,4.314259176821532e-05,0.9999395064623013
1,2.9600147779292897e-24,0.9999996177640063,3.82235893623473e-07
2,5.710214529681154e-07,0.0008150495340726698,0.9991843794449119
0,0.8488592749159598,0.15114072508366083,1.491879975947589e-14
0,0.9960690870607122,1.3474451071907753e-05,0.003917438488249093
2,7.068269410686043e-09,1.9289852563068213e-05,0.9999807030787595
2,0.47245672394100735,1.587086167476619e-05,0.5275274051972333
0,0.7542792324373115,1.2647266137678032e-05,0.24570812029650005
2,0.05487532778816885,9.636984291757287e-06,0.9451150352274768
0,0.9998795981966638,1.240730498210225e-06,0.00011916107314358889
2,4.677777022060101e-10,1.776029561920514e-05,0.9999822392368692
0,0.9999890400413619,7.754497346339158e-07,1.0184508802512424e-05
2,0.0131880280863618,4.3675040820624554e-06,0.9868076044092912
0,0.9790151744083778,3.835191349305873e-06,0.020980990400694583
2,0.039640554938094416,9.789290793576272e-06,0.9603496557713547
2,0.1752957407153137,5.73591950582975e-06,0.8246985233650479
2,7.316498476287152e-07,1.967798194006361e-06,0.9999973005515186
0,0.9999918249529774,6.847332717111079e-06,1.3277145557718221e-06
0,0.9979597114639678,0.0020402464618073965,4.20743767334631e-08
2,0.0006122972677684105,3.771826460577843e-06,0.9993839309060412
2,0.005904878452884552,3.874653014957146e-06,0.9940912468944599
0,0.999794604263979,0.00020539108635879763,4.649743351173881e-09
1,1.0972211505855615e-21,0.9998750114974156,0.00012498850292472409
0,0.9785026804213032,0.00016326058601188955,0.021334058992764693
2,1.0360030769844824e-07,5.8222459161402424e-06,0.9999940741538967
2,0.1332151112879566,2.9104109199817792e-05,0.8667557846027333
0,0.9995541028377437,1.13937472994653e-05,0.00043450341530116703
